device_id,last_payment_date,first_name,last_name,amount
f3080600-a0bc-45a0-b5b5-fdf29af0d219,2019-11-29 23:55:42,Luella,Kewish,280.91
90c2a9a7-1569-4b3a-bf4b-5650bc19186f,2019-10-11 08:56:55,Lucy,Dempsey,133.65
c52eabe6-1654-446a-b588-f817617e943c,2019-12-07 01:01:50,Hestia,Reisin,575.89
f4d33d77-772d-41f9-848b-ccf8718a2bba,2019-11-14 20:56:48,Millard,Dandie,150.72
dc8ac936-b32c-41f3-8518-11ab787f21c7,2019-11-22 21:43:05,Gayel,Dossantos,241.76
0a678a50-6989-416e-9783-9cdf3e0775d1,2020-01-16 15:11:09,Thor,Hodcroft,447.46
fd2319c2-dd6e-47c8-9a7b-2800e5b65cce,2019-10-24 00:18:23,Constantina,Scoullar,321.28
500c6235-85cf-429a-83c5-60d9038aec34,2020-01-08 23:27:32,Laurette,Myderscough,216.88
de953043-8ec6-47d0-a9db-c9c9a3b86984,2020-01-07 18:44:52,Adams,Winstanley,130.87
f05fc26c-f412-4f27-b567-40e09d148c25,2019-12-22 04:56:14,Janette,Teague,542.94
45abce6c-39c6-479a-b71f-970e97144cb6,2019-11-25 00:21:32,Orel,Lygoe,317.56
f5a2f5c9-66dc-4ed9-b9e1-19e8fd7659f2,2020-01-26 08:46:55,Lezley,De Marchi,271.37
0e62e2a4-cdb6-4ac7-8c8f-13073ec287b4,2020-02-06 14:06:59,Moira,Curuclis,553.16
415999c8-a233-442b-abcc-de3c6fe0e739,2019-10-19 13:29:49,Garrick,Pomeroy,363.63
e617666b-1f11-4746-8fd8-74e2807afa3c,2019-11-27 13:32:51,Harriet,Mogford,328.49
3dc01aa6-76ca-49b4-a505-c9cb1d2b0ba5,2019-10-31 20:13:08,Abeu,Ayton,596.69
e7ebc7ff-570a-4b9a-bed5-b0413049c260,2020-01-19 13:38:46,Charity,Forrest,164.06
914a8fc3-72e8-4d60-afad-68fd6ed2ff19,2019-11-18 06:09:24,Alfie,Yandell,483.80
f214677e-3404-4a9c-b535-c26097e9d2b9,2020-01-03 16:58:59,Hewett,Grzeszczyk,591.52
20d0bae9-9a9d-4441-a2c6-df9e0387c952,2019-11-20 00:46:41,Ansel,Eastman,551.04
2d37293f-b366-4a1b-bc99-2503ca557397,2019-12-11 09:09:49,Hammad,Coysh,424.37
5997bc0a-ebb0-4b84-afda-29c0829ab792,2020-02-01 23:05:34,Jojo,Maddicks,329.04
ca624be9-2a1a-4031-9441-46c512667669,2019-11-29 12:14:48,Nil,Papaminas,580.59
e45675c6-dd42-4493-9d1b-36d58a361790,2020-01-13 12:10:15,Natalina,Puddefoot,274.79
72dcc672-b573-428b-acca-96ad834d52e5,2019-10-28 16:34:10,Immanuel,Sherrett,211.80
89f51f14-cf79-4982-a47e-1b6f781c4e88,2019-12-07 06:54:04,Angela,Foston,139.12
d3702cc3-a01b-4ecd-a6d8-a3e18dfe1f55,2020-01-21 01:02:26,Renae,Prendeguest,185.59
8c312d34-0866-4c7f-80a8-9fafd42b637d,2019-12-15 18:14:18,Hillyer,Aukland,527.08
61bc0a20-565b-47ac-8cac-5d7c6e2763f0,2019-10-20 21:07:18,Leslie,Vitler,282.36
b8a8598f-ee02-4a6c-9718-384830469419,2019-11-17 04:20:49,Kerby,Ackland,274.50
6cfbd6df-6d35-4ece-8214-a740b52276ec,2019-12-20 18:29:05,Caresse,Dukelow,36.53
3930e28e-f2c1-4b7a-a090-264e61913d93,2019-12-23 11:25:49,Lorelle,Broscombe,569.83
f6cdd19d-ceaf-4908-9753-943054d17ca8,2020-02-02 15:24:39,Nariko,Oakwell,84.77
c333f551-baa7-4a86-8cc6-45e75da86604,2020-01-17 05:27:37,Shelia,Ginley,164.37
b9ba0cdf-7f8a-463e-8baf-dc32b263ea29,2020-02-03 17:29:01,Alma,Verrechia,583.96
96bfcd08-7213-4b9e-8c4d-f562e2f73e75,2019-11-27 19:20:35,Greta,Uccello,584.04
e1a34470-649f-4709-af82-1fb74a6da19b,2020-01-07 14:38:06,Adelle,Veness,330.14
728ded7b-fe25-4a63-99df-564bffed168a,2019-11-19 04:20:50,Consolata,Fleming,231.33
65af2df2-617c-493d-8388-e7ad9f6625a0,2019-10-25 07:17:59,Verna,Isgate,431.40
25076ae8-1b95-4004-b7ef-5eaa9568a09a,2019-12-22 12:00:01,Falito,Heppner,183.53
21c030df-3f4d-4332-b2a9-75ce6979bd15,2019-10-10 05:05:46,Annamarie,Poutress,326.46
a072654c-bc77-4324-8704-fb186d7dd3fe,2020-01-24 10:21:28,Ellis,Simonutti,458.49
b95b84bc-2e73-4e0e-8f4b-84e1de101913,2020-02-01 18:17:48,Theobald,Samter,310.69
9076aff2-fd37-4f20-8969-fc27cf9088ac,2019-12-19 23:04:03,Sibylle,Beach,211.22
4bd54cdf-d761-4047-9948-269290c54ce4,2019-11-02 06:07:30,Delmer,Mallinar,298.55
837d3db1-a095-4d15-ae46-bb100fbd70c4,2020-01-17 14:17:47,Susie,Somerfield,554.62
2d05ed7e-1a77-4daf-9951-97627787e1c7,2020-01-12 23:59:23,Marchelle,Smedley,295.30
86bf8c7f-95b0-44c7-8213-e20baf96d7e9,2020-01-01 02:21:16,Everett,Blampey,203.09
d30d847a-6a57-4059-8181-6742fee802b7,2020-02-01 15:26:06,Bathsheba,Allcott,587.49
cc8f2a9c-d8c5-471a-94d3-cf7acc878be5,2020-01-28 05:43:29,Sapphire,Pruvost,113.06
76050fac-e0cd-45b9-b348-a2c1a0034d1b,2019-11-22 07:02:43,Kameko,Beekmann,314.45
cf6ef7d8-1dd2-4e16-8634-1fc9bd375011,2019-10-26 06:11:25,Shanna,Brisbane,28.13
9687783a-8775-4e1f-8567-22f4cbb84852,2020-02-05 04:58:59,Ange,Pettecrew,119.82
0ada84c1-5f1e-4e08-bea5-29ab48ef9a74,2019-11-20 20:21:58,Jody,Leon,525.33
7b742185-e8fb-48f1-9359-f4755ebac42d,2019-12-30 01:00:18,Luella,Wannop,539.57
37276461-fa98-473f-9486-61af4988321c,2019-12-12 05:53:56,Jordan,Ninnotti,492.67
d3b36883-dd21-40a5-86c0-c7cf45c60e9c,2020-01-28 21:29:16,Harry,Brittle,223.30
45dc54b6-d51b-4aa9-a47e-a12b120d2c05,2019-11-12 09:54:08,Bruis,Tabb,158.88
a5c984a7-258d-4059-bb24-4732e6eee343,2020-01-27 20:35:24,Riley,Isakowicz,355.26
640342c4-0c7e-4c80-b41e-f54f3f5120e6,2019-12-27 09:14:02,Cherilynn,Wilce,108.48
d612868d-3bd7-462d-8bfd-517e0940c4be,2019-10-15 21:13:52,Maryjo,Cunio,533.10
79b56a85-6c81-4327-b312-49d038d9bcdb,2020-01-17 11:39:22,Winny,Cork,152.22
9c716ab1-d1ef-4b18-b4e8-54a0cabf1353,2020-01-01 15:30:24,Elsa,Caulton,598.22
7c9cde2f-c1da-47ea-8fc6-9239b87ee143,2020-02-07 18:58:30,Cookie,Barsby,212.93
b2cebcdc-699e-4194-b877-07ae349c4065,2019-11-13 02:35:27,Shannan,Nial,447.12
23f8daae-fc6e-4df0-98cc-5f53e5812a7f,2019-11-26 10:42:52,Brigit,Renzini,560.50
e1d2246f-6f25-42ff-92b9-bbf0e7c01501,2019-11-11 00:52:52,Kylie,Almey,493.58
9470a43a-9060-4c3e-b06d-cf4796d774f2,2019-10-01 08:46:18,Abbye,Leathlay,521.04
e9d24ec0-a866-49eb-9d96-bbf4486b842e,2020-01-31 03:22:10,Jemimah,Aleso,434.14
72588893-f9d3-4ea0-a7e8-a7ff3d48c08e,2019-11-13 15:42:50,Giffard,Tyson,91.72
febffa1c-d877-49db-8654-60985a8f6789,2019-11-22 15:19:53,Sheff,Comins,554.40
46f8d349-85b4-4c3a-9e72-cf27a195f992,2019-11-15 09:01:54,Osborn,Steedman,552.11
62b2ec23-f857-4ddc-8a14-6bffedd4fbc8,2019-12-29 05:39:59,Edd,Bachura,368.86
0158c329-57f0-43f7-bdbe-d987dafbd919,2019-12-14 05:53:59,Aloysius,Kalinsky,232.77
e0b4a2f0-5ae8-45cd-82b2-36f68679c937,2019-11-26 14:04:01,Karalee,Keynes,541.18
ff28e8a6-e736-44cb-8c03-be26ef0a7c23,2020-02-07 09:04:40,Marlo,Galey,358.68
bebb093d-8b6b-45ec-a9df-b2396c4c0502,2019-10-01 19:20:30,Kerwinn,Tremonte,28.72
bcb8e1df-cac9-4cef-8ed3-b7c8f7815a01,2020-02-05 05:54:13,Janessa,Foulgham,339.00
89002a4f-3278-45e1-96e3-bc916b45afca,2019-12-17 16:44:33,Justin,Carlile,574.72
dd3c3e40-4bd6-496a-93d1-2a9f282d2127,2019-11-26 21:17:25,Scottie,Kenen,186.43
4cc4a6f1-f430-4ba1-a324-8868baed477f,2019-12-23 01:55:16,Carlynn,Darter,446.43
cded022a-5428-4725-bf16-1b8025a12eae,2019-11-06 13:43:58,Madlen,Mattingley,230.22
ff32bc05-1c81-4dc3-8eb6-df7d2f4183ec,2020-02-05 18:25:42,Alvie,Wickey,314.05
53da98c8-1eea-400e-84b3-7d91d6a7aa98,2019-11-18 01:52:25,Hi,Clutheram,440.73
99f00a4b-eba7-47ca-ac31-028e36842db3,2019-11-17 16:24:03,Antonia,Palffrey,190.62
21db995d-242a-4e3c-b955-eea84d680f6d,2019-12-21 20:25:16,Elden,Cornbill,341.33
95293559-b747-4299-8e34-673e05d857e5,2019-12-10 16:30:58,Maddie,Coldbathe,153.36
ab52b945-6e0d-4d51-985e-676d526eb215,2020-01-27 00:17:28,Rube,Wardlaw,354.37
b4e6d704-b741-4b1a-a252-3f323e565934,2020-01-06 23:43:04,Neila,Netti,109.45
7c2343d9-9b39-4c54-accb-d27e755c5f7c,2019-12-30 01:26:04,Joline,Patrie,361.38
36a441d3-04a6-4d76-814c-a4f5b34a6c60,2019-11-08 03:50:24,Mal,Jarrad,349.25
1545df43-e2b2-4111-a494-bebb5efe4d1e,2019-11-13 07:44:52,Margret,Pollendine,157.47
768cc945-50b0-4ace-a3f1-279bc194dd7f,2020-01-13 12:46:21,Ferdinande,Mico,342.62
336c91b7-b944-41df-ad8a-b272d8869e51,2019-11-23 03:55:39,Vonny,Rushforth,109.01
a848285b-77bb-4ff7-9a97-ad56633f2341,2019-12-06 02:42:32,Yule,Noel,388.90
e30bca31-59bd-4764-b979-d5ce746ea295,2019-10-01 09:12:59,Diarmid,Thurling,372.00
c895db27-5629-4fe6-a1b3-b24b4083691f,2019-12-20 02:39:08,Trever,Scamaden,106.01
e311deff-7286-4bab-a00a-e9e2b1a185f9,2019-12-06 03:57:55,Edee,Piatto,413.48
f06db0da-06a1-4059-900a-88b9d017caa2,2020-01-07 07:46:12,Maurise,Chadband,526.11
c04c95b1-b513-423a-901f-7027556e3c96,2019-12-30 15:35:26,Anna-maria,Ashton,448.96
9adbcd45-32fe-422f-be8f-4a9338a747c5,2020-01-01 07:57:43,Carmelita,Kilmurry,105.79
9f413f52-d814-4c31-95bc-2854397b92f7,2019-12-24 08:29:37,Sonnnie,Shelmardine,512.37
2b7c2be2-6d5b-48f0-9196-4ee32f869473,2019-10-02 19:50:26,Idalina,Tallowin,237.94
f7cc59c5-d850-443b-a02b-b15aa0e02ab8,2020-01-16 15:03:49,Misty,Synder,587.68
0a1a0dc5-2f39-4b70-852e-3501225aa3eb,2020-01-20 08:22:37,Jayme,Blaxter,194.91
9ae981e8-a5c8-4781-9790-7fb5ff14caca,2019-10-12 00:37:03,Genna,Morratt,175.77
c202c55f-2e20-4fdc-84c7-6683b9ead10d,2019-12-28 18:37:14,Royal,Parris,425.54
7030faab-ad81-402e-81ea-80d9931e2556,2019-10-09 07:06:09,Auguste,Churchyard,571.00
95c19730-b07a-407c-940d-80384b71cb2b,2019-12-19 08:28:00,Emelyne,Heimes,56.42
1f94973b-90c1-49db-b702-47fec16dfb5d,2020-01-09 20:13:44,Floria,Hathway,356.92
4de4c3b0-f36d-486b-a2e9-59596b2bde2d,2020-01-11 16:49:02,Ianthe,Lazell,260.14
1ba2c1a4-67b7-43be-8d8f-e6bc251d7561,2020-01-27 22:08:00,Dori,Graddell,70.64
bf072c9f-0bb1-4619-9c05-1e76dabd2351,2020-01-04 23:53:32,Alys,Measey,215.72
9808cebb-17c9-4347-84d6-e0798f74ee0b,2020-01-31 10:49:59,Seka,Emilien,70.80
7cf4e5eb-f1e8-4442-ace3-9ec89fb51e46,2019-10-26 17:27:24,Rosemonde,Alison,64.20
f07e0d06-30a9-48ba-aeb5-c9b4c34d410a,2020-01-29 15:36:15,Sada,Allsopp,86.78
28cb2948-3585-47fa-a320-6b966f36a297,2019-10-16 10:16:18,Geralda,Joss,188.35
bcea9ec3-bbb8-4af2-ae1f-b012940c38fc,2019-12-14 17:06:32,Esme,Obington,58.10
3b9b7ae5-de8e-47ae-9d06-4fae1cf50c1c,2020-02-08 13:22:31,Perren,Finker,534.64
81d3e222-402e-4fe6-87f9-46fd0a23e884,2019-10-17 16:32:16,Adrianne,Kibbee,264.17
b899b761-ad28-448e-a412-b06d22eba28a,2019-12-05 03:12:59,Gideon,Guiton,55.53
c53d1142-c7d2-4433-aa0a-2b53195137ae,2019-11-19 10:20:28,Ewan,Amery,448.91
3b9aeb7f-702c-4b8d-ade3-4ad9015f353c,2020-01-31 08:21:46,Belita,Hebbard,417.16
1eb3a9c0-fb58-4b3c-9796-7cbcb066aecb,2020-01-04 01:34:46,Kaia,Maloney,237.26
c25fb787-9657-439a-89cb-ea29233a3432,2019-12-22 15:29:15,Kirbee,Treadwell,56.47
0c548e3e-9475-4acb-91bf-122107644d8e,2019-11-20 15:23:06,Curt,Baumaier,122.99
0f5eefde-3188-4abd-b909-c086163be1a7,2019-12-23 19:30:42,Reina,Legrice,129.99
0231e959-22ce-4487-9033-1e9cfd734dbf,2020-01-08 14:12:11,Jameson,Skelbeck,250.14
348aa47c-9599-4c5f-b2b6-54dc22f2d0e4,2020-02-08 12:38:44,Pattin,Edwinson,294.37
32bcfca9-193f-4e8a-a890-502e0c8c3aae,2019-11-03 09:21:14,Erskine,Daglish,240.09
cbab834c-9366-4e1d-aac3-53c99b0115c3,2019-12-13 15:31:32,Emlyn,Dilnot,294.34
22ba2a8b-199b-4df2-a7b7-43b4163b8b90,2019-12-14 12:08:58,Daria,Pender,406.70
285314d4-72da-4d23-a647-7174770ba2ab,2019-10-22 05:18:23,Euell,Pickering,95.92
c57277df-ff24-4bd2-8566-f8e34a800569,2019-10-20 23:27:33,Quincy,Lawrinson,129.94
ca1eda24-d362-4529-827f-cbcfeb33c9b0,2019-10-30 08:06:17,Manon,Cargon,578.67
ce7e58dd-8734-478b-b289-1802ece65d2f,2019-11-11 22:46:06,See,Niles,313.00
c5fc2ba6-f82b-444b-adbd-23e846da3151,2020-01-05 19:51:56,Boyce,Kearey,572.66
da97d685-4b68-45ea-a3ba-fb81a0417203,2020-01-16 02:41:26,Ahmed,Notti,557.22
e2e72fa4-49ce-4dfa-97d1-23b25e8ea35e,2020-01-16 19:51:36,Eliot,Yukhnini,434.19
80e2169e-10fb-4941-9f4c-e7b841d7744f,2020-01-17 23:32:55,Korella,Heinle,499.82
e9c35e28-c552-4bbb-ac49-78fcad5f90f9,2019-12-11 03:38:47,Mira,Lytton,377.86
237b8654-9e49-4eb2-8802-653cc68d94e3,2019-10-14 15:00:39,Selie,Prosser,324.05
5974cf77-46ef-4853-86d6-02253cb1fe77,2019-11-09 01:29:59,Eadith,Ebbens,300.02
ef89c076-6975-4ced-b509-4b3d53f156e3,2019-11-27 06:04:51,Erin,Sale,185.31
f913c739-6aad-4f7e-892d-a9f3c484d0c0,2020-01-08 04:33:50,Wilfrid,Domerque,358.05
4b2b9b39-fa1a-4ed8-b2e5-80f57fb8a7a2,2019-11-13 16:19:39,Wake,Tangye,433.12
63673bf6-7fb5-4b23-ac67-e41f103d08c4,2020-01-14 04:09:32,Nadia,Corris,320.21
137034ac-0ab8-4302-9f34-db4819fe5eeb,2019-11-30 17:06:11,Edythe,Pavlata,128.04
15540d47-0b98-4a14-a183-c919bc89e7fa,2020-01-08 09:21:21,Nicolle,Phillpot,570.62
9db80087-f8f1-4054-b8a9-c6c64e503f4a,2019-11-14 03:26:06,Jean,Esmead,384.16
9bd20760-1e5a-4637-bc9d-55a65405ce80,2019-11-19 09:04:42,Jewel,Briance,308.41
e874af9b-5d6e-43c6-9031-de842caafa7f,2019-10-29 11:20:48,Nikolaus,Comizzoli,412.25
d08d4b0a-c175-4ead-a1ea-af39cc7526b0,2019-12-14 05:55:46,Yale,Hanlon,136.20
801f97d7-a947-4dd5-997d-d59726e8ce81,2019-11-03 14:05:02,Morissa,MacRitchie,381.17
f9c94e20-c209-4c90-bebb-31597f56a0cc,2019-11-01 03:38:06,Riane,Baxter,161.35
d8b5632a-ff1a-4f4e-b05c-7cf5f82ba44b,2019-12-18 01:42:44,Ediva,St. Ledger,123.70
ab279628-f1c4-4a6a-b37d-d99d2678ad7f,2019-10-13 13:41:55,Dinah,Burchett,241.46
2012cb8b-4745-4a54-b4f6-ef9e000499f3,2019-11-02 16:21:29,Ignazio,Ferreras,347.22
6dd3afc3-8d57-4d6f-adc4-9e63eac74132,2019-10-11 22:03:33,Rozelle,Selly,519.06
eea2a8fb-bc64-45fc-8ec2-de8752999dab,2019-11-11 00:56:59,Rosalyn,Bolstridge,337.97
17b35210-8d0a-4021-982a-60ee3ea6fb41,2020-01-18 16:13:35,Loella,Daborne,102.73
305431ad-7287-4115-b162-225099b114a4,2019-11-30 14:00:08,Gerome,Mannering,276.04
90ad177e-cdbd-455a-b428-6459e76b8cdf,2019-11-12 18:57:37,Tod,Ferney,414.48
be29aa32-efc9-43b8-aeae-d8e117634584,2019-11-01 01:12:55,Daveta,Pickring,229.16
3875d3c2-aa0d-44d6-a6ba-65d2cfe4e15c,2019-11-14 00:46:33,Trudey,Haselhurst,263.68
b5004652-1f0c-4b4e-b9e6-34f6b19bc18e,2020-01-23 00:20:10,Elihu,Martinho,264.87
00a9da68-9db1-4499-8204-4f76be634ea4,2019-12-15 22:28:18,Pinchas,Boother,448.33
5d279f95-9570-4a9b-a966-fa1f96bc8856,2019-10-10 16:39:23,Myrta,Childerhouse,309.96
51d23538-33ac-4346-93d1-c0d895fe1c2f,2019-10-31 09:59:41,Mord,Beecraft,205.98
78f52bd0-68cf-488f-afec-c785caa2f28d,2020-02-03 09:49:44,Monte,Holhouse,571.72
9985d3d0-332b-405b-8fee-de2bf7181e69,2019-11-12 19:01:27,Adah,Moorerud,79.52
06662e0c-5c63-42dd-9339-db82a36695d3,2019-11-18 19:11:51,Khalil,Moulding,47.54
2254a45b-0877-4154-a6fd-e8cae3888ea9,2019-12-03 04:21:40,Chase,Giacometti,516.12
3a42103b-7732-488d-badc-66eb3405438a,2019-11-09 06:59:19,Gran,Stambridge,268.56
e49c02d8-2857-4da7-a36b-9a26f279ea1c,2019-11-26 17:34:00,Daile,Pawlowicz,276.56
56a4093d-e7b2-416b-85ae-121d2ae6b91b,2019-10-04 11:07:14,Bryna,Jarlmann,580.68
cf79e680-7f7a-4a09-aca3-d3a4566d29de,2019-11-30 17:13:35,Joshua,Pasmore,396.25
876ae1cd-3740-47ac-9951-5518f296cc92,2019-11-06 18:13:10,Ranee,Piken,85.56
0a226961-1106-4e69-b2d2-e05981da7790,2019-10-15 18:09:00,Roxie,Hyne,139.12
4975db09-ffb7-43d3-a06c-2805824741d4,2019-11-17 21:36:45,Darline,Ironmonger,522.36
03f2ae83-fa49-43cf-9f9b-b4c4416e5d79,2019-10-01 12:48:29,Debi,Stobbie,119.59
baf14fe8-0f67-4924-a109-0e4edae503d0,2020-01-27 14:46:19,Bunni,Touson,255.10
9bc9b47b-f280-46ca-8fe1-8368d70883da,2020-01-08 23:51:10,Bren,Irnys,141.37
6edf1b1d-a08b-4ec5-b83e-90b22c138562,2019-11-18 11:54:49,Piper,Akeherst,215.60
7254c883-2da9-4ea4-9e20-0137e722951f,2019-11-30 07:24:33,Abramo,Beaford,435.32
cf819d7a-7d2c-48d1-9b28-6520b9803419,2020-01-07 00:55:12,Constanta,Thorndycraft,229.51
7ae8277f-2185-43ef-a0e8-1f40d12b69eb,2019-12-30 11:34:23,Abel,Cleve,325.74
30453135-6aa5-4232-a76b-b25145fb761a,2019-11-19 09:18:59,Danni,Huyton,187.33
d2e22e03-829e-462d-82b2-e55b8693462a,2019-10-16 19:29:03,Lexis,Evans,408.60
175eb50a-af05-4b34-8b92-22ef2551f026,2019-12-30 02:18:47,Aylmar,MacDearmaid,31.34
61bf21c7-495d-4389-bed4-0118286ac5b0,2019-10-20 21:09:07,Kahlil,Jory,154.92
b876c7ef-85c4-45be-b8df-c4615bdbb426,2020-01-31 04:18:35,Dill,Geany,300.59
af77509f-1119-40ef-9abf-b092e02ac7a9,2019-12-29 07:46:06,Edwina,Orpin,75.10
510f689c-e26e-48f9-94ce-f2b1af48a39a,2019-10-23 10:23:22,Haslett,Qualtro,426.46
a695d68b-a8ab-46ac-b006-417e326177b7,2019-12-23 21:14:18,Clywd,Surgey,468.70
16edc29c-314e-448c-820d-bbf25a2126d4,2020-02-03 10:40:43,Daryn,Jaulme,531.36
acc12d9d-938d-4f5b-8483-f3fdae0d94f2,2019-12-26 23:50:09,Wash,Gillian,593.95
e59451ab-7717-440b-958f-b47abd6e0dd8,2019-12-30 19:59:08,Janene,Poulton,371.87
9feec182-3921-432f-9358-b607a7d80d36,2019-12-26 18:21:18,Doloritas,Bruckmann,453.75
a1b7204a-0fb8-4a6c-8c02-a6af2e9546be,2019-11-14 22:31:35,Gerick,Sember,195.26
f23926aa-a47a-421e-b046-fa2572d08532,2020-02-03 15:49:18,Britt,Martignoni,157.04
80528be6-f782-4c92-98fa-8413b31d45ff,2019-11-10 13:16:39,Blancha,Duncanson,160.98
2a7c2612-8571-4543-9937-7ec2dd68155b,2019-12-24 23:46:30,Aime,Jevon,570.52
44155e83-b624-4a84-b5ec-1d1e5769d1c7,2020-01-17 12:52:51,Liesa,Marval,509.78
ff08384a-3e42-4f12-93e6-86b7f7b30fdf,2019-10-29 07:58:56,Cherilynn,Celand,117.01
1dce317f-adeb-4b35-ad44-a4baeb21088d,2019-10-04 12:09:39,Billy,Plan,99.28
3edf35de-35e3-4125-8d41-13a9060950ea,2019-10-13 12:38:56,Gerry,Lovell,343.27
a7ff831f-c76d-4abf-8e68-0174e4c02179,2020-01-29 13:16:07,Diahann,Stickings,117.47
73cc5447-fdd1-4ddb-98fe-3af0fc181d99,2019-11-24 02:46:00,Thaxter,Leishman,441.43
31aca979-1917-4df1-9b98-c52b5d6ab46c,2019-11-13 02:30:28,Jeffie,Citrine,134.34
0322ee7c-e371-4551-ab5d-2f4d73235a2b,2019-12-17 08:08:33,Margarethe,Laydon,269.05
c2147dd2-6ebb-4cb5-a09b-1366be836072,2019-11-28 13:07:22,Merell,Pendlenton,504.83
a1015ead-b3bc-4c62-8dca-f7201b7df808,2019-10-17 15:01:06,Broddie,Kirwood,71.22
84bf1930-3d14-4fd4-830b-5a2cdeba3390,2019-12-09 12:40:04,Karena,Chevolleau,270.08
cd843576-b1be-488d-a397-a777ab99c074,2020-01-22 23:42:21,Kylie,Dany,371.87
d946ae6e-e447-48b4-8838-75898dadbf68,2019-11-14 07:30:35,Palmer,Hove,178.40
d3f09ae8-af6f-4df7-bedd-89911f261c21,2019-11-07 17:20:27,Dalenna,Fick,176.01
c43f5695-c7bb-482b-a671-93c4097f6b96,2020-01-30 20:34:02,Preston,Savery,42.31
89f116f3-8eaf-40a1-8728-d5d562ef4807,2019-12-09 03:42:01,Hester,Wilshin,431.80
c061c0f7-e181-41d8-a485-2c4f8c6e89f3,2019-10-07 08:47:33,Denys,Burney,437.79
3cd84d67-f9ef-42c8-a112-1f3b0d5f878c,2019-11-27 09:14:29,Lenette,Sneath,184.28
38390165-18aa-4766-b272-9fb093482d9d,2020-02-06 16:05:17,Almire,Petche,373.75
eccb22fa-2498-4c11-a182-fd539276279d,2020-02-01 14:38:17,Christiano,Laxston,200.17
c705069c-618b-418c-9e29-47cdef281e36,2019-12-25 08:09:31,Ekaterina,Hemshall,292.16
e182dd07-bdbb-40f3-bc97-f0455e2f9036,2019-11-13 08:15:08,Haroun,Rochelle,21.32
a777a31d-73bc-47d4-9c5b-8f8c327061ca,2019-12-29 15:09:04,Wilona,Killgus,114.16
2f231cea-72ce-4379-8d24-28c3fb56cca7,2019-12-30 09:23:29,Torie,Morad,569.58
6eeb872c-2d1f-4332-b00c-5e843e5f3edf,2019-11-14 08:01:29,Marve,Tunney,429.73
217c4d88-60f0-4a54-9ccb-063e062873ae,2020-01-06 21:59:54,Harrietta,Claxson,302.07
fe54d8ce-7a32-4665-acdf-ba1ae7cb8142,2019-11-09 15:53:55,Jemima,Houson,466.97
9508eaa0-900a-4a91-8223-80d397bcb544,2019-10-16 07:51:34,Pierce,Argont,206.41
8a719392-665b-47e8-ac1c-61edb02f0d49,2019-11-30 21:56:34,Phoebe,Bazire,353.34
9452c639-a2f5-426d-9076-86fe98088e75,2019-12-05 09:33:33,Dolores,Lamont,123.82
ac1546e2-3c63-4e61-bb38-808f35c1fb4b,2020-02-07 11:39:10,Lorelle,Leasor,306.54
dd284a06-98e4-4e1d-8585-0b3bfc96e9d4,2019-12-04 09:35:23,Margarete,Cuthbert,300.40
21fbdaa5-0ae6-4341-aea9-ef002684225b,2019-11-16 01:31:07,Nichols,Groome,47.08
b11dac95-0ae9-4e80-b00a-cb0f750d5b3d,2019-11-07 13:33:45,Vernice,Clyma,567.15
38aef541-bf92-4b33-a255-92f326efa53f,2019-11-03 18:55:28,Fanny,Chestnutt,326.70
ce1e963f-a6bf-43a2-8884-52f464a9ddb8,2019-12-15 02:03:42,Lothaire,Edinburgh,230.87
edc960ae-9575-4de4-84d3-028f3cae1fb1,2020-02-03 16:46:21,Alford,Doughartie,410.88
abba825d-84f9-4abf-b2fd-0f24c401f5a4,2019-11-04 01:15:11,Trev,Cassel,208.29
b3374c84-5d75-4c1d-8361-3539a6f01dca,2020-01-25 09:36:18,Julietta,Reina,209.28
26920f4b-5b24-4479-bb54-4aa97aee0a8d,2020-02-01 21:32:10,Maighdiln,Thoumasson,568.67
4cebb49c-1c50-4638-be04-6ba7fb9e9b2c,2019-10-13 11:55:56,Bridgette,O'Hegertie,169.25
c6139b97-a24a-44eb-9cc0-5f15d3f7efa0,2020-02-05 23:56:19,Alastair,Sprake,514.90
7a82148f-9a4e-413e-a0a8-248218e49a6a,2019-10-06 19:52:32,Karlee,Yakubowicz,398.58
3d586fcc-a9f4-488f-aeec-6dead0da8b09,2019-11-23 08:59:31,Archaimbaud,Gaylord,152.19
9e9324b8-6ede-4f65-8af5-17e17c8cb93c,2019-10-12 02:46:53,Aeriel,Foffano,173.66
53512383-6095-4847-87eb-eb177902bd24,2019-10-24 12:13:29,Fabe,Fernez,375.27
3dcad4bf-d1b2-445c-9829-99fe6062f8a1,2020-01-28 14:48:18,Jerri,Ciciari,154.95
8d74cb65-95b8-43fe-8631-2880cbebdbe7,2019-10-08 16:48:44,Bowie,Redhead,339.00
997414d9-6fa6-4e96-9597-86bf35e3be9b,2019-10-02 04:16:27,Clementine,Werndly,544.78
f90ae01f-9c0c-4e6b-b132-85b6778c4c99,2019-12-30 17:55:47,Humfrid,Abels,92.89
9a4b66d6-ac23-4e35-9460-d36a5715f6a9,2020-01-04 22:47:18,Merrie,Symondson,337.74
5769be31-f122-43ea-9535-719293840048,2020-02-01 22:20:47,Edward,Garmans,523.13
ec52f92d-6569-471f-96ae-c184c849d80e,2019-11-03 19:27:46,Zollie,Weblin,457.01
08c4fdca-28e2-4009-8cc2-e244093a9438,2019-10-16 18:11:51,Barby,Ferran,178.35
f1649f77-aae1-4341-abda-a418b3171909,2019-10-25 02:12:00,Alfonse,Toomey,486.91
d1e0b384-7518-4ed6-b9aa-80dae36a15d1,2019-11-15 15:56:30,Thedric,Sprankling,34.65
8ea1e294-5086-48fd-9e31-326320d3527d,2019-12-13 20:01:31,Marlene,Macvain,365.20
f472fa21-6509-4a1b-b326-596f53b28347,2019-12-20 21:49:31,Maggee,Ewestace,335.67
0ea896b6-a792-44b2-9ea1-8406117f1a89,2019-12-22 23:52:06,Jany,Huitt,45.78
942fb0b1-1ba1-43f8-ba38-0929ed84d084,2019-11-20 11:29:21,Mata,Garahan,320.30
f021c905-585a-442b-b575-025488feaf8b,2019-11-24 23:25:50,Ernie,Littlejohn,71.94
f5c60dff-bcb0-4978-a0d2-e28d54b1ee93,2020-01-01 08:14:19,Gerard,Tabor,598.20
02c49661-7e2f-454e-a937-bf5d801a66e1,2019-10-20 04:26:03,Thedrick,Pighills,509.73
548193d9-0da7-4e5f-880e-af8c9c414f1f,2020-01-24 15:45:55,Yetty,Clendinning,571.03
78c419c4-eca7-4a7b-af1a-6595d6ef5697,2019-10-21 01:05:13,Sonny,Gerhold,22.47
0205c98a-3754-455e-8384-40cae379af88,2020-01-28 00:38:18,Cordi,Skewes,213.44
aa070cfe-a9ee-48da-8754-1db7dd338b46,2020-01-03 09:30:29,Thurston,Erett,301.88
5919c05e-901e-449c-bd70-bc0e9b3ce4c8,2020-02-01 14:48:40,Shawna,D'Adda,394.40
336b27ce-0652-4612-a625-491553177aac,2019-12-16 08:47:53,Shandee,Stutte,368.82
8244b6e4-8856-4ca2-a20a-3e7c5607cc1c,2019-12-31 18:09:48,Abraham,Labell,96.96
b65dbc06-b82e-4d77-b735-50736a9ced4a,2019-11-10 03:14:02,Jess,Sixsmith,591.76
99af3f6a-9458-4b83-a6ba-e6b35d06db86,2020-01-23 06:26:59,Joan,Dollman,481.23
e8ce256b-c199-482c-a081-2de4c72084e2,2020-01-09 19:32:52,Kippie,Shildrick,174.43
1dc3aa24-92dc-4501-a988-3cf0aa1f5cf0,2020-02-08 06:19:54,Aldous,Verheyden,95.92
88e64fff-1ceb-424c-9a93-ef4889faf06c,2020-02-03 06:17:03,Reginauld,Mougin,290.26
b7a8164d-5d26-406b-89e7-cfb85901c3e7,2019-12-26 17:47:31,Minetta,Raitie,321.94
ee83254e-eeb3-4883-bcbe-562b5787c633,2019-10-19 04:35:45,Haven,Collimore,558.20
24a7c3e9-093c-4ae2-a408-ad1afd2ead9d,2020-01-30 16:13:43,L;urette,Grimmert,176.16
ed47bc6d-2d3f-4dc4-9a96-d89a53d00ef8,2019-12-20 11:36:21,Shaun,Whithalgh,161.74
e3d01c24-783d-44e4-8336-fedb7cd0cd14,2019-10-16 06:40:42,Berenice,Eatherton,456.69
4a8ae783-bdfc-402e-8276-92d0bb969ace,2019-10-16 10:24:54,Cash,Sent,515.44
bd3a5056-9cc1-4ce6-a385-712fff83272b,2019-10-14 12:26:02,Alejoa,Petrozzi,162.02
b237baf6-346c-4cde-b134-f185b4322393,2019-11-07 15:35:57,Don,Graham,546.94
37881c21-0a5f-4054-b3af-18b7d2528e39,2019-11-25 01:18:36,Kessia,Risbridger,546.23
8aa6cb96-d0fa-448e-a913-1ac3795d49f3,2019-10-14 00:32:45,Kacie,Ianilli,93.35
86c20b4f-a87f-47f2-bb3c-9e4191eb9a2a,2019-11-07 05:50:00,Alison,Wraggs,421.56
b894329f-be9d-44f7-b82e-8285f61a0571,2019-12-05 12:26:02,Wallace,O'Flynn,547.47
9a4b48e2-dad0-466d-acf0-d09850b0b8ae,2019-10-08 02:15:51,Pammy,Berecloth,532.65
f910182c-a196-4234-94b3-3a4209c10a50,2019-10-01 01:26:07,Jerri,Hugle,313.73
3af735d4-9a89-4f2d-84c6-5c13398e8f2b,2019-11-11 10:37:52,Allissa,Godfray,363.37
d2347c4f-0ec6-423d-9721-70d430cbd6e8,2020-02-06 19:16:01,Elvin,Ould,468.71
4a7f597b-82ad-4ac2-8231-4b92978f144f,2019-12-06 20:03:56,Aaron,Betterton,368.39
3878c5bd-847d-426c-976b-67779e37b23c,2020-02-07 08:28:56,Tore,Rendbaek,302.49
ce1fa490-d0f3-4589-a046-2e3006c58a06,2019-10-31 14:25:11,Zaneta,McCourtie,222.03
899ad09a-7e64-4538-9f31-86e88652afcd,2019-12-30 20:28:22,Alphonso,Vaan,251.56
fbdaedc4-3614-4b13-9674-e381f0302567,2019-12-01 23:24:07,Hansiain,Balf,23.00
6ea321f9-dd48-47e3-9163-24106a51fa72,2019-10-10 16:20:29,Lexine,Humbee,399.00
24a52751-1ae3-491c-b076-5d104ed7d8f7,2020-01-13 22:34:59,Jess,Roback,192.39
4a59f5cd-e3f9-4dce-96cf-63acec8c8352,2019-12-14 06:56:04,Tobias,Von Der Empten,467.66
1957f911-a488-4fe1-8f79-cdf97f02b3ab,2020-01-30 06:45:08,King,Grouvel,396.94
1ad7aa09-a0be-4339-9f09-e7b95958ebec,2019-10-10 14:32:54,Trixie,Leydon,482.20
5427d1ae-3071-4dd5-be79-733c4a39c676,2019-10-14 04:29:25,Ardith,Gronw,319.05
a832e183-a246-4c15-9ebf-140a29b8ed9d,2020-01-07 10:00:02,Benji,Postill,254.43
79b81224-6fa4-43df-af2e-2fab3186debb,2019-10-08 20:05:45,Kinnie,Matterson,176.82
0d976a17-34f9-4707-a7a3-0c28c45185ba,2019-10-21 11:19:58,Terrie,Gardener,193.18
319dc651-c6a1-47a5-882f-98a4f1da970b,2019-10-29 17:04:47,Carlyn,Alexandrescu,584.72
0561a617-3c5b-40af-a9aa-805152a61538,2019-10-19 09:16:31,Ware,Usher,166.78
d54a2aa1-00c4-4b8d-aff0-a2d137dcd04a,2019-12-29 18:46:21,Valera,Shakespeare,432.93
48e80219-119d-44e4-be1f-7694895ce462,2019-10-27 22:16:54,Kaia,Warlow,112.97
58225fcd-63f2-4fe1-981d-b89ff7c2e2b8,2019-12-06 05:49:47,Susi,Eskriet,478.05
52c95630-c718-4611-a1bc-92f60c0168b1,2019-11-24 18:13:02,Milzie,Stroder,351.96
f9664582-61be-49fb-9088-deb0c38d90cf,2020-02-06 12:59:28,Doe,MacConnechie,482.42
1e9364af-fc50-4d6c-ab2c-379b7484c8a6,2019-11-21 03:46:12,Verla,Barras,57.09
333e2b4e-f695-4596-8d3a-b351f13f230b,2019-11-15 21:00:10,Finley,Gasking,50.04
adfec797-7a7c-4215-8d8e-c21176644ad3,2019-10-02 23:20:30,Hali,Varga,107.86
339abb2e-fa4d-4311-86f6-f7376ba6bd2b,2019-10-29 16:53:37,Florri,Rennebeck,219.35
1a00cb04-0859-4d90-8f26-f1b0d5702082,2020-01-28 22:36:28,Hilary,Iuorio,542.66
aba7bca2-c1f6-481b-9106-75a6589e7e86,2019-11-15 15:18:48,Pennie,Pincked,37.35
387ef415-ec6e-4d8d-b401-5503d1977fc9,2020-01-12 07:02:15,Melvyn,Pawlett,102.53
735cd984-f69c-4208-bc65-94cdd34e2dde,2019-12-15 15:55:35,Broddy,Butterick,93.31
6d2f8aee-ad37-4bcd-ab63-6e9a21114eb4,2020-01-17 11:15:17,Gwendolin,Delph,246.82
c8428fcc-898f-45a9-a527-3b7382e05513,2019-10-01 16:46:11,Brendis,Huish,267.94
46a53a23-c76e-4761-be7d-bdcd69dd1ff5,2019-10-02 20:36:22,Osmund,Cristobal,198.41
07e59c54-2bdb-4b8b-ac68-ab65c78856b6,2019-10-10 19:13:42,Gabriela,Cleeves,412.23
e74302b3-4a3f-4cda-b685-c8cf75c7b00c,2019-11-07 00:26:07,Finley,Elsmor,63.95
4fa694f1-21f2-4d5f-9202-881ee8c862c4,2020-01-15 04:51:48,Moina,Fellon,401.42
f7d2eb6a-dab3-4920-8caa-11a67c25b705,2019-12-07 00:02:19,Janene,Date,163.01
10656c43-4397-4358-918b-61bfc859d348,2019-12-18 23:10:28,Diena,Knath,44.90
b84f438e-5c4f-476b-9679-4938ea7067fb,2019-11-13 14:35:39,Alfy,Hainge,315.41
e0d8fd2d-65dd-4662-9082-99e5a033e373,2019-12-06 18:09:34,Dallon,Paolino,68.02
2e272d95-ed71-4b49-9106-3472eeeaa4d2,2019-12-13 08:16:29,Tarra,Rudinger,380.58
c76f542a-4f7a-4294-bb18-00f5dd259b20,2019-11-04 17:28:22,Patti,Freeberne,476.55
8cd48c76-492a-4a74-ada2-5649775b6fed,2019-12-11 16:58:59,Tatiania,Gayton,344.77
fe4bbd7e-0e25-4fce-a1e5-a8f6c4f4ca78,2020-02-08 19:24:34,Carroll,Crutcher,475.70
2828b357-6b25-458a-b5f8-c1898246320c,2019-11-23 15:33:02,Harcourt,Biernat,189.59
7ff78ad8-b5bd-4ad7-8946-fddbae752284,2019-11-10 15:56:36,Suzanne,Swalough,115.30
e5fe8cd2-2682-4b44-8f93-8ed3e5fdeade,2019-10-30 12:44:06,Eilis,Eseler,382.97
b2edea0e-d6a5-4571-9d15-456dfe9c8ff8,2019-10-30 03:47:48,Obidiah,Aujean,452.61
cbe43c65-92e5-4dfa-8e50-ce0d30b1bd15,2019-11-15 03:21:38,Silas,Longden,34.58
b8ec6b03-6109-463a-ac14-fe5e51a4d88e,2019-12-08 21:06:40,Vitoria,Koeppe,193.98
1adeaa09-2c5c-4147-90e2-4cb605767d2d,2019-11-22 06:03:22,Yancey,Bellward,254.44
09767c38-052d-423a-b862-f84827f7c37e,2019-12-03 02:57:03,Freddy,Leavry,298.54
a51c48e9-cc3c-4f1b-b594-abc93ae1b024,2019-10-14 21:10:36,Zandra,Knifton,272.77
5c41d7dc-922b-4e5b-9802-e16c60e856a7,2020-01-13 21:54:19,Grethel,McAlpine,76.84
bfc70d14-cc6c-420a-a885-655aa1cee9b4,2019-11-12 19:24:40,Leanor,Batterton,378.38
bdf09190-f1d9-47d1-9fa4-e90048df6f7b,2020-01-30 09:20:12,Orella,Gieraths,40.07
bf27ca38-2f54-4017-a490-628d283d7c85,2019-12-09 10:50:17,Masha,Widocks,173.53
5d878775-b6bb-4b50-85af-2ca203c7af39,2020-01-20 12:48:47,Cassi,Carlaw,202.97
6ff1c519-668f-4c14-8f13-bc86b5b868cb,2020-01-08 02:13:25,Geno,Kinworthy,434.37
8f7d29e1-59a4-4fca-8d26-71b1c395fa83,2019-10-18 01:27:42,Christel,Dutchburn,72.49
0c128897-601a-4f1e-aaf8-7e5d8a58d909,2019-11-29 03:17:36,Jessi,Bousfield,249.31
d12f6aa2-960e-425c-8dad-c27ec3b2ef56,2019-11-29 04:53:26,Rica,Soffe,535.72
a93249e0-7ca1-4359-980e-c58e20d39962,2019-10-23 13:29:39,Wallis,Trask,578.45
87469ac9-a138-4377-826e-640043d29c1f,2019-10-24 15:17:56,Inga,Jenks,471.07
a230ea8d-f3a0-478d-903e-e13fa04fe260,2019-11-21 12:30:45,Meier,Larchiere,43.05
fe9dbf88-43a7-4dc9-8453-dde51f688568,2019-12-27 04:56:14,Janette,Lanchester,42.05
54d3ee89-07b7-48b9-8ff0-cdd789e98efb,2019-12-03 01:06:18,Consuelo,Petters,60.75
c0bdc555-31ce-477a-9e10-6ed5074b5dd2,2019-11-22 16:45:51,Alvy,Sandison,240.84
a1213bc8-bf0d-4141-8215-6e1708dde0f6,2019-11-07 20:43:35,Dorian,Burmaster,504.53
32e43a63-8dad-4025-9821-c88c6d90600b,2019-10-12 05:53:39,Shelagh,Petrov,147.81
11169a5a-a54d-4a39-921d-a72a16392df4,2019-11-09 05:39:00,Marie,Docharty,500.06
2e914c18-1f4f-48bc-8821-e986e7ce71df,2019-10-31 19:56:57,Yvonne,Cockburn,489.86
2e9c85f6-683b-4117-84f4-179c64dc5142,2020-01-28 14:39:16,Brandais,Dorre,208.89
53b5932a-cd12-4c79-947c-a36c08846ca4,2020-01-17 06:17:50,Melania,Lewerenz,145.58
a5350249-2011-4fe3-9f8d-49fb5113adaa,2020-01-19 13:00:05,Vernon,Stopps,429.98
00d7059e-a053-401d-a545-6c23d024117e,2020-01-05 00:05:37,Perry,McKinie,48.10
f96d83c7-c0aa-4c30-aadf-138ba0c92591,2019-10-31 05:03:40,Rosaleen,Caen,55.23
52b8797f-4afe-498d-9343-c5a9b9d96ca6,2019-12-08 07:53:41,Honor,Judron,196.75
f80e60df-e72c-477d-bba4-67ef0c2a4b23,2020-01-07 15:41:42,Sal,Reimer,471.89
fb5180c5-56f8-42a9-adcc-fdc713aca1fd,2019-11-27 13:18:46,Pedro,Marten,153.86
0b428dc6-45f4-4dd6-a8bd-cdb2c3ce8e21,2019-10-04 09:57:37,Roshelle,Ogelbe,277.80
b6c6cd8c-5bbc-4ac4-9a3f-3280fb8f9e5c,2019-11-16 16:16:44,Dolli,Lambdin,199.14
007feeec-e0c1-4bc7-acd4-d50768af794e,2020-01-09 06:39:42,Dorothea,Tellett,64.38
858cc36d-2b96-4a09-80f4-0f00a1fee0a9,2020-01-23 17:28:16,Quill,Greenhouse,133.06
5d41539f-95de-44b7-9cfa-0ace6979ec57,2019-12-05 12:34:16,Farly,Scottrell,583.04
d6b1c228-18d5-4200-9f2a-87dc7ab90930,2019-12-09 10:28:08,Claude,Cristofolini,371.28
426da7e5-3b61-4ae0-8178-3f1a360df48d,2020-02-01 23:07:07,Eliza,Kliche,165.19
a0f13938-669b-4dde-af37-7b4c13c0b683,2019-10-16 23:05:49,Charita,Bedlington,75.79
71e1e3d1-3402-4444-a5f5-dfe8405c9845,2019-11-14 03:29:09,Duky,Berrisford,557.23
737d7b62-8145-49b9-b93a-086eff0dcbd9,2019-11-20 15:17:43,Ker,Gartenfeld,456.08
9b191035-625f-47b7-a607-d80e2c274897,2019-10-31 16:36:50,Halley,Davidesco,541.08
eb644f2b-6802-447c-9986-807d33150dea,2019-11-25 22:14:22,Joycelin,Mulbry,481.28
a065ecfc-01b3-4e2b-9d60-13cb111f52c7,2019-10-31 18:12:15,Leena,Poor,496.10
90ba57ba-e38b-4975-b4f2-fb467ede5bc7,2019-10-17 07:40:37,Pauly,Sparshett,326.35
ec94b821-d006-41e1-81a1-13daba758a49,2019-12-29 19:39:21,Jaclin,Cessford,490.77
8c80cf30-e7e7-491c-add9-451d8afdc5a3,2020-02-02 09:10:02,Lauritz,Hawkyens,257.16
cbd84fc7-d438-4a25-ab78-c29d416d293b,2019-12-11 14:26:30,Andria,Baseggio,344.92
6a50f3b8-1b2b-4045-b8f6-7e326c729af0,2019-10-05 13:39:54,Opalina,Beaufoy,316.78
855c9a43-c21b-407d-b38d-11e65669a0fe,2019-12-15 05:34:05,Alair,Dannel,429.87
40cf8106-3a81-45b5-afd0-1589fd3500f9,2019-11-10 09:46:40,Anetta,Horder,419.18
98291222-a8f5-4c1f-8675-0bff4ab079c6,2019-11-16 10:11:01,Theresa,Crennan,152.40
23ecd39a-6550-40fc-9482-313ce886ab9b,2019-11-25 02:22:48,Dieter,Stanner,101.33
de932c6b-0699-4222-996b-cad9dd13bd6b,2019-11-16 01:27:47,Kirk,Lafay,26.80
52cd251d-d472-47d4-be33-d9fc591d8d5c,2019-11-18 21:47:43,Jacynth,Simonassi,451.78
716a801f-a6e8-41c7-b434-fd2c2f5cc40a,2020-01-05 14:54:58,Catha,McLean,569.86
5c2ea57f-5aa7-4513-927d-8bd835cc1d5c,2019-10-29 14:14:15,Conny,Mallindine,218.36
e49c4b2d-92c7-470a-ba65-8b1806355d1a,2020-01-16 09:13:22,Ariella,Brocklesby,492.80
4dc605ca-260e-4c3a-8ed2-a07f8b2beb38,2019-10-29 20:05:40,Hercules,MacWhirter,195.88
607736c8-f87f-468f-a566-c804890c8aee,2019-10-18 17:55:41,Koo,Orro,55.85
1446e4a5-4585-41d1-a57e-aafc9288176b,2019-10-04 11:19:11,Whitby,Chave,453.88
2b8d61b6-6be9-4f1d-aaad-e17fa7c87d48,2019-12-22 06:41:57,Stefania,Hinrichsen,442.41
531768fc-de4c-4ce1-94be-eb2977df5a9c,2020-02-04 03:04:10,Jammie,Birney,95.61
0548663f-b282-4343-929f-987cbe0f1827,2019-12-10 15:39:19,Hali,Nutton,468.28
9e87d683-0147-401f-8cef-31b07a7f2fbf,2019-11-22 12:52:48,Baldwin,Bare,176.68
d7a53b9f-afd9-4bec-9dcb-7d91722616b9,2019-11-22 09:48:43,Arnuad,Bertin,106.71
0e42d402-e560-4be4-897d-c43f48adb7b5,2020-02-01 02:52:24,Elmer,Svanetti,556.75
bcef098a-0136-46d8-910a-52b9125cac90,2020-01-26 18:30:39,Kerri,Stokoe,346.84
ab00f4db-1261-4d14-9939-8a7942db7732,2019-11-06 00:13:48,Antonietta,Oldridge,513.22
52924113-a6cf-4e3d-ac2e-08a77bf88f92,2020-01-25 22:58:58,Nobie,Pirelli,394.68
ac9b041c-a567-4e4b-b9b8-8f0eda0434da,2019-12-20 22:27:11,Chuck,Gripton,109.49
31d52077-d839-4968-9811-0e7acd81eb82,2019-11-25 11:01:14,Rina,MacGuiness,263.89
054ec367-f763-44f9-8856-173d03f1defc,2020-01-27 05:22:50,Patsy,Markson,357.79
f4351d4a-bb07-4aa4-8fee-125085011ce6,2019-10-21 03:21:36,Sarene,Bernardeau,564.25
315575dc-f1b6-445f-afe6-0fdcd629c31d,2019-11-12 20:25:49,Aggy,Littleton,52.52
584c5d3e-b1de-41a7-bd10-f612ad64d23e,2019-12-05 17:40:33,Claribel,Wallbutton,418.38
f38cf220-0775-4598-858b-ab0c42aaced8,2020-01-28 01:39:59,Flor,Dreakin,524.65
0af8207a-8c24-4ad6-b1fd-35785d4da269,2020-01-09 02:42:33,Nanci,Lindl,173.24
97110a65-1a31-49a9-b2f0-e9f0496799fd,2019-11-16 03:50:05,Kristi,Lavielle,468.52
48829992-6d62-4b35-a8e1-a4145a1c7af5,2020-01-22 00:02:39,Lew,Foulkes,94.68
50725a03-80a0-48e0-8953-bf36deaed42b,2019-10-23 15:46:35,Rolfe,Lumby,507.88
6ae6f8e3-fd85-4cb1-91dd-f1da68dfd2b0,2019-10-16 06:12:53,Delano,Iacovaccio,45.35
32c115d7-df86-49af-accb-fa6ef88984a0,2019-10-28 00:53:48,Jeremiah,Peach,238.68
d0ee42f5-ac49-4c84-9075-e618a1814cff,2019-12-16 06:18:36,Osbourn,Marley,61.70
6258eac4-ac78-4e95-8e0f-28dc046a63cf,2019-11-15 00:21:22,Allianora,Timlin,32.68
1fa15cce-62d5-40d1-8440-ac80eeb9a992,2019-10-08 21:51:52,Iolande,Yarrell,349.50
067388c2-4603-4598-ba1b-1d8acd66e5a9,2019-11-14 15:17:11,Ruperta,Orbon,40.08
41cd8612-ba96-4dfe-9c25-b3fd6140c808,2019-10-29 06:00:07,Base,Giacomi,163.58
7eaa3b40-2bf6-4c6c-afd9-a922abf865c4,2019-11-04 19:44:34,Maureene,Casacchia,315.45
dc321126-3941-4a2a-9905-9fd515490232,2019-11-25 19:54:42,Janifer,Treacher,320.36
fa6fecac-b1e5-42dc-82ef-917d92ab1018,2019-11-16 07:34:02,Gabbie,Swire,258.30
c29316b3-0f7d-41a1-89cd-746ed4bf7e77,2020-01-26 17:41:18,Lorrayne,Kettell,551.76
2bf86c4f-e8b3-45f6-9ed8-7e9fbf26ebe5,2019-11-26 03:09:45,Stearn,Thorwarth,351.32
6d08ef5f-a1d8-4db9-bcbf-9a9dbec224a9,2019-10-13 18:04:16,Constancia,Busfield,64.84
d1a33736-ab92-4c66-a4ee-9254f5502508,2020-01-16 23:56:24,Kakalina,Mannix,102.82
e0c29f82-fef2-44bf-8dba-13d380552b66,2019-10-31 01:40:10,Hube,Brussell,74.83
9ec473b2-3cf9-4c59-a947-b540a93a7de8,2019-10-08 16:34:44,Vincenty,Golsworthy,110.26
bee8d977-fdf8-4565-b7d9-863ad428725d,2020-02-07 01:38:30,Nicolea,Havenhand,375.54
d734b57b-2f86-4eee-8b06-ca587eb08a71,2019-11-19 19:39:45,Lorain,Arthan,528.44
68a6603d-abf4-4094-bb01-f1cb4df2daa4,2019-12-27 20:34:39,Anna-maria,Golton,486.19
a52796f9-e959-4969-a038-8364c4f30d38,2019-11-15 09:25:46,Andrew,Christophe,171.52
9aaec8a2-12d4-41bb-b23f-8bf83562e036,2019-11-19 07:52:17,Jeanne,Monteaux,20.77
ce87f73f-f950-4e8f-9d28-849408acd231,2020-01-24 12:33:25,Imelda,Ecob,259.20
6c6255fd-e309-4d4a-b613-bff47acc270b,2019-11-11 14:32:33,Benny,Farlane,403.09
6b5084b0-97ae-4002-a8c9-f855ea9eb4f0,2020-01-02 19:15:33,Barrie,Bartkowiak,270.26
864b0e9e-fb04-49d0-9442-9cc003321f3c,2019-11-03 08:31:30,Martha,Howgego,273.01
7907f166-af1e-465c-bb8a-1003803d024c,2019-10-20 14:38:54,Kacey,Seamark,544.16
2917f4dd-502f-42c9-817d-70ea393dd464,2019-11-26 22:49:24,Sidoney,Jinkinson,326.26
e095af6a-e8d3-4bb9-a757-0de19e8909e4,2020-01-16 16:07:53,Glyn,Rittmeier,375.55
655e0a43-5ee9-4c25-bfc2-b480ca06c42f,2019-10-23 20:06:09,Addie,Reisenberg,427.51
a94c1fe4-d521-470a-bbb2-45c7cd2cb091,2019-12-09 14:44:28,Nora,Woffenden,133.72
5f7ba5a7-2996-4bc6-84bf-a4f1c770648e,2019-12-12 09:05:38,Cinnamon,Christin,592.29
bb9c9459-b44d-4f14-8eca-47ef1f3861d4,2020-01-18 23:38:53,Clarita,Daviddi,518.33
2dfdaf9e-5a7a-4bca-8991-0428507f1fa7,2020-01-27 07:58:21,Mariam,Dancy,140.31
c332e099-2ccc-4b60-88e3-a7e4a8f53d8e,2020-01-03 00:24:56,Vonnie,Ellsbury,89.11
61a0edfa-787e-4564-8b7b-47a9a3afde84,2019-10-30 07:22:26,Hubey,Finlry,41.27
fe895ba5-af55-4549-a551-e7d286761ca9,2020-01-29 06:06:45,Kettie,McKleod,404.35
dbefeeea-5cd1-422c-9255-1de3e72ebe19,2019-10-24 14:34:10,Bartolemo,Crookshanks,563.40
17d8c893-660e-442c-8436-817ea941a3e2,2019-12-22 01:14:10,Joell,Backs,248.15
60e6e296-6432-4854-844e-0ef01e3a5201,2019-11-06 14:32:02,Bernita,Osbaldstone,418.31
ac26a948-fc97-4f6a-b3f7-90e97d78d39c,2020-01-02 06:52:42,Baxy,Carnilian,414.56
599454a5-8887-44ff-a090-c8107773e8b4,2019-12-21 14:51:25,Cornelle,Goalby,559.61
62b68ac7-57f6-4c35-a99c-52828a5e64f6,2019-12-25 02:06:59,Philomena,Ginty,239.50
a061d34e-ef59-4281-8d7f-4dbdadc3754e,2020-01-16 10:30:17,Sergeant,Bayford,275.02
f2e368d7-a8a3-4c0e-b951-0ff20d20c8e9,2020-01-04 04:19:07,Cad,Manktelow,132.05
f1b38efd-530c-434b-8877-e3b0b354bc7a,2019-12-07 03:22:04,Kassandra,McCluin,419.47
529a98e1-c342-4030-a61d-9bc77f0d410f,2019-11-16 17:31:19,Bordy,McQuaid,294.97
d64248c6-7d45-4323-a6f5-1f761f2b4f87,2019-10-15 01:44:18,Edd,Boud,82.14
2667277f-4b33-4310-9c8d-ed340e67a419,2020-01-27 01:12:23,Tully,Ambler,277.44
f78e782e-188d-4553-bda7-c63e050a2011,2020-01-20 21:20:53,Kerr,Fudge,136.11
ab3db4ab-6308-45a9-9e72-ae72e41d42d0,2019-12-16 18:00:46,Gaven,Sheber,527.38
3bec62c0-78e6-41ac-933e-d166b76e7bb5,2019-12-23 12:01:09,Howey,Dudden,59.87
f45620d9-c5e1-4f61-b3c2-3ebc370cfd82,2020-01-16 08:43:38,Kienan,Mayell,233.91
59ade0eb-8dd8-4553-a30d-f1ad1b6b8ef5,2019-11-30 08:16:04,Travus,Worviell,181.63
b9db9ceb-a242-42a9-b4be-63ab5055c272,2019-12-17 08:17:10,Hailee,Wardale,344.10
93a519ed-4a30-4a29-8f88-3ae44ee51337,2019-10-30 03:08:36,Sigrid,Kaplin,39.78
b37c336d-c85d-405c-bbf1-3e50b8036c61,2019-10-14 21:34:45,Ezechiel,Castagno,373.87
4591c437-a0cd-45a4-b20f-b22ada0a000b,2019-12-01 11:22:44,Hermina,Felder,557.68
113a67a4-e6f7-4746-af7b-a27800b3a017,2019-12-05 05:26:29,Ailina,Spires,41.78
b76533a3-0efb-4281-a33b-52035f67765c,2019-11-21 07:42:03,Lorens,Ollerton,164.10
6f5dbf31-9be1-46cd-a655-de4ee2872e2e,2019-10-30 01:13:11,Stevy,Khosa,206.72
db489ac3-9d5f-4468-b5d2-29bb766b5ae0,2020-01-13 06:56:27,Ky,Bidewel,138.75
84b39546-da23-48e7-8bd2-5a394e230816,2020-01-22 11:38:57,Kaylil,O'Hoey,166.96
bb44f731-e88a-44fb-8f38-52e36552ef71,2019-10-29 18:03:59,Kayla,Di Iorio,180.72
a6d7882c-7213-4b13-b1fd-72e5cca59fae,2019-11-24 16:10:54,Budd,McRavey,548.97
6f7032a2-117f-40b9-8762-27ba0ac5d0db,2019-12-01 04:09:49,Lorrin,Fantone,47.30
34d2caf5-d15f-47bc-895f-9b3424fcc288,2020-01-28 10:54:13,Ivett,O'Moylane,566.54
d2ba61f4-b6aa-4e9d-ac99-60fcc527b62d,2019-12-13 02:57:03,Garret,Fausch,294.99
06c06c4c-95ce-4a91-b031-a5c21453d4d7,2019-10-28 04:38:27,Marti,Winslow,35.34
22615c73-48cc-4fd3-90cc-7d9c038f50d3,2020-01-30 14:51:45,Aliza,Seeviour,582.72
39fb2322-8053-47d7-bc2d-1e350efbe197,2020-02-05 07:04:26,Cesaro,Deare,523.49
77483ac5-2680-4fa1-8649-9d2f0b6c5574,2019-12-26 06:33:46,Harlin,Clineck,506.08
69a19d35-e345-41f9-9d74-c30bab090367,2019-10-09 00:36:21,Laney,Derisley,182.88
0afbb5be-ca9f-41ef-a22f-2ab93535c8d5,2019-11-20 13:01:11,Aurelie,Chaulk,168.29
4ae56aa1-5b50-415e-a473-ef9591242d1c,2020-01-05 20:28:10,Almire,Proppers,363.27
c6cc1d64-b456-451e-aa48-496af4ae819f,2020-01-01 11:36:13,Rolph,Bollon,538.66
dd909d86-1780-4f37-a02c-c31a3f895f52,2020-01-02 07:48:37,Samara,Daynter,391.96
c905bee4-5a01-4400-9d9e-40357ac7c71c,2019-11-01 04:22:28,Ogden,Siegertsz,247.93
